Id,Name,Description,Status
1,Account 1,Account Description 1,ACTIVE
2,Account 2,Account Description 2,ACTIVE
3,Account 3,Account Description 3,ACTIVE
4,Account 4,Account Description 4,ACTIVE
5,Account 5,Account Description 5,ACTIVE
6,Account 6,Account Description 6,ACTIVE
7,Account 7,Account Description 7,ACTIVE
8,Account 8,Account Description 8,ACTIVE
9,Account 9,Account Description 9,ACTIVE
10,Account 10,Account Description 10,ACTIVE
11,Account 11,Account Description 11,ACTIVE
12,Account 12,Account Description 12,ACTIVE
13,Account 13,Account Description 13,ACTIVE
14,Account 14,Account Description 14,ACTIVE
15,Account 15,Account Description 15,ACTIVE
16,Account 16,Account Description 16,ACTIVE
17,Account 17,Account Description 17,ACTIVE
18,Account 18,Account Description 18,ACTIVE
19,Account 19,Account Description 19,ACTIVE
20,Account 20,Account Description 20,ACTIVE
21,Account 21,Account Description 21,ACTIVE
22,Account 22,Account Description 22,ACTIVE
23,Account 23,Account Description 23,ACTIVE
24,Account 24,Account Description 24,ACTIVE
25,Account 25,Account Description 25,ACTIVE
26,Account 26,Account Description 26,ACTIVE
27,Account 27,Account Description 27,ACTIVE
28,Account 28,Account Description 28,ACTIVE
29,Account 29,Account Description 29,ACTIVE
30,Account 30,Account Description 30,ACTIVE
31,Account 31,Account Description 31,ACTIVE
32,Account 32,Account Description 32,ACTIVE
33,Account 33,Account Description 33,ACTIVE
34,Account 34,Account Description 34,ACTIVE
35,Account 35,Account Description 35,ACTIVE
36,Account 36,Account Description 36,ACTIVE
37,Account 37,Account Description 37,ACTIVE
38,Account 38,Account Description 38,ACTIVE
39,Account 39,Account Description 39,ACTIVE
40,Account 40,Account Description 40,ACTIVE
41,Account 41,Account Description 41,ACTIVE
42,Account 42,Account Description 42,ACTIVE
43,Account 43,Account Description 43,ACTIVE
44,Account 44,Account Description 44,ACTIVE
45,Account 45,Account Description 45,ACTIVE
46,Account 46,Account Description 46,ACTIVE
47,Account 47,Account Description 47,ACTIVE
48,Account 48,Account Description 48,ACTIVE
49,Account 49,Account Description 49,ACTIVE
50,Account 50,Account Description 50,ACTIVE
51,Account 51,Account Description 51,ACTIVE
52,Account 52,Account Description 52,ACTIVE
53,Account 53,Account Description 53,ACTIVE
54,Account 54,Account Description 54,ACTIVE
55,Account 55,Account Description 55,ACTIVE
56,Account 56,Account Description 56,ACTIVE
57,Account 57,Account Description 57,ACTIVE
58,Account 58,Account Description 58,ACTIVE
59,Account 59,Account Description 59,ACTIVE
60,Account 60,Account Description 60,ACTIVE
61,Account 61,Account Description 61,ACTIVE
62,Account 62,Account Description 62,ACTIVE
63,Account 63,Account Description 63,ACTIVE
64,Account 64,Account Description 64,ACTIVE
65,Account 65,Account Description 65,ACTIVE
66,Account 66,Account Description 66,ACTIVE
67,Account 67,Account Description 67,ACTIVE
68,Account 68,Account Description 68,ACTIVE
69,Account 69,Account Description 69,ACTIVE
70,Account 70,Account Description 70,ACTIVE
71,Account 71,Account Description 71,ACTIVE
72,Account 72,Account Description 72,ACTIVE
73,Account 73,Account Description 73,ACTIVE
74,Account 74,Account Description 74,ACTIVE
75,Account 75,Account Description 75,ACTIVE
76,Account 76,Account Description 76,ACTIVE
77,Account 77,Account Description 77,ACTIVE
78,Account 78,Account Description 78,ACTIVE
79,Account 79,Account Description 79,ACTIVE
80,Account 80,Account Description 80,ACTIVE
81,Account 81,Account Description 81,ACTIVE
82,Account 82,Account Description 82,ACTIVE
83,Account 83,Account Description 83,ACTIVE
84,Account 84,Account Description 84,ACTIVE
85,Account 85,Account Description 85,ACTIVE
86,Account 86,Account Description 86,ACTIVE
87,Account 87,Account Description 87,ACTIVE
88,Account 88,Account Description 88,ACTIVE
89,Account 89,Account Description 89,ACTIVE
90,Account 90,Account Description 90,ACTIVE
91,Account 91,Account Description 91,ACTIVE
92,Account 92,Account Description 92,ACTIVE
93,Account 93,Account Description 93,ACTIVE
94,Account 94,Account Description 94,ACTIVE
95,Account 95,Account Description 95,ACTIVE
96,Account 96,Account Description 96,ACTIVE
97,Account 97,Account Description 97,ACTIVE
98,Account 98,Account Description 98,ACTIVE
99,Account 99,Account Description 99,ACTIVE
100,Account 100,Account Description 100,ACTIVE
101,Account 101,Account Description 101,ACTIVE
102,Account 102,Account Description 102,ACTIVE
103,Account 103,Account Description 103,ACTIVE
104,Account 104,Account Description 104,ACTIVE
105,Account 105,Account Description 105,ACTIVE
106,Account 106,Account Description 106,ACTIVE
107,Account 107,Account Description 107,ACTIVE
108,Account 108,Account Description 108,ACTIVE
109,Account 109,Account Description 109,ACTIVE
110,Account 110,Account Description 110,ACTIVE
111,Account 111,Account Description 111,ACTIVE
112,Account 112,Account Description 112,ACTIVE
113,Account 113,Account Description 113,ACTIVE
114,Account 114,Account Description 114,ACTIVE
115,Account 115,Account Description 115,ACTIVE
116,Account 116,Account Description 116,ACTIVE
117,Account 117,Account Description 117,ACTIVE
118,Account 118,Account Description 118,ACTIVE
119,Account 119,Account Description 119,ACTIVE
120,Account 120,Account Description 120,ACTIVE
121,Account 121,Account Description 121,ACTIVE
122,Account 122,Account Description 122,ACTIVE
123,Account 123,Account Description 123,ACTIVE
124,Account 124,Account Description 124,ACTIVE
125,Account 125,Account Description 125,ACTIVE
126,Account 126,Account Description 126,ACTIVE
127,Account 127,Account Description 127,ACTIVE
128,Account 128,Account Description 128,ACTIVE
129,Account 129,Account Description 129,ACTIVE
130,Account 130,Account Description 130,ACTIVE
131,Account 131,Account Description 131,ACTIVE
132,Account 132,Account Description 132,ACTIVE
133,Account 133,Account Description 133,ACTIVE
134,Account 134,Account Description 134,ACTIVE
135,Account 135,Account Description 135,ACTIVE
136,Account 136,Account Description 136,ACTIVE
137,Account 137,Account Description 137,ACTIVE
138,Account 138,Account Description 138,ACTIVE
139,Account 139,Account Description 139,ACTIVE
140,Account 140,Account Description 140,ACTIVE
141,Account 141,Account Description 141,ACTIVE
142,Account 142,Account Description 142,ACTIVE
143,Account 143,Account Description 143,ACTIVE
144,Account 144,Account Description 144,ACTIVE
145,Account 145,Account Description 145,ACTIVE
146,Account 146,Account Description 146,ACTIVE
147,Account 147,Account Description 147,ACTIVE
148,Account 148,Account Description 148,ACTIVE
149,Account 149,Account Description 149,ACTIVE
150,Account 150,Account Description 150,ACTIVE
151,Account 151,Account Description 151,ACTIVE
152,Account 152,Account Description 152,ACTIVE
153,Account 153,Account Description 153,ACTIVE
154,Account 154,Account Description 154,ACTIVE
155,Account 155,Account Description 155,ACTIVE
156,Account 156,Account Description 156,ACTIVE
157,Account 157,Account Description 157,ACTIVE
158,Account 158,Account Description 158,ACTIVE
159,Account 159,Account Description 159,ACTIVE
160,Account 160,Account Description 160,ACTIVE
161,Account 161,Account Description 161,ACTIVE
162,Account 162,Account Description 162,ACTIVE
163,Account 163,Account Description 163,ACTIVE
164,Account 164,Account Description 164,ACTIVE
165,Account 165,Account Description 165,ACTIVE
166,Account 166,Account Description 166,ACTIVE
167,Account 167,Account Description 167,ACTIVE
168,Account 168,Account Description 168,ACTIVE
169,Account 169,Account Description 169,ACTIVE
170,Account 170,Account Description 170,ACTIVE
171,Account 171,Account Description 171,ACTIVE
172,Account 172,Account Description 172,ACTIVE
173,Account 173,Account Description 173,ACTIVE
174,Account 174,Account Description 174,ACTIVE
175,Account 175,Account Description 175,ACTIVE
176,Account 176,Account Description 176,ACTIVE
177,Account 177,Account Description 177,ACTIVE
178,Account 178,Account Description 178,ACTIVE
179,Account 179,Account Description 179,ACTIVE
180,Account 180,Account Description 180,ACTIVE
181,Account 181,Account Description 181,ACTIVE
182,Account 182,Account Description 182,ACTIVE
183,Account 183,Account Description 183,ACTIVE
184,Account 184,Account Description 184,ACTIVE
185,Account 185,Account Description 185,ACTIVE
186,Account 186,Account Description 186,ACTIVE
187,Account 187,Account Description 187,ACTIVE
188,Account 188,Account Description 188,ACTIVE
189,Account 189,Account Description 189,ACTIVE
190,Account 190,Account Description 190,ACTIVE
191,Account 191,Account Description 191,ACTIVE
192,Account 192,Account Description 192,ACTIVE
193,Account 193,Account Description 193,ACTIVE
194,Account 194,Account Description 194,ACTIVE
195,Account 195,Account Description 195,ACTIVE
196,Account 196,Account Description 196,ACTIVE
197,Account 197,Account Description 197,ACTIVE
198,Account 198,Account Description 198,ACTIVE
199,Account 199,Account Description 199,ACTIVE
200,Account 200,Account Description 200,ACTIVE
201,Account 201,Account Description 201,ACTIVE
202,Account 202,Account Description 202,ACTIVE
203,Account 203,Account Description 203,ACTIVE
204,Account 204,Account Description 204,ACTIVE
205,Account 205,Account Description 205,ACTIVE
206,Account 206,Account Description 206,ACTIVE
207,Account 207,Account Description 207,ACTIVE
208,Account 208,Account Description 208,ACTIVE
209,Account 209,Account Description 209,ACTIVE
210,Account 210,Account Description 210,ACTIVE
211,Account 211,Account Description 211,ACTIVE
212,Account 212,Account Description 212,ACTIVE
213,Account 213,Account Description 213,ACTIVE
214,Account 214,Account Description 214,ACTIVE
215,Account 215,Account Description 215,ACTIVE
216,Account 216,Account Description 216,ACTIVE
217,Account 217,Account Description 217,ACTIVE
218,Account 218,Account Description 218,ACTIVE
219,Account 219,Account Description 219,ACTIVE
220,Account 220,Account Description 220,ACTIVE
221,Account 221,Account Description 221,ACTIVE
222,Account 222,Account Description 222,ACTIVE
223,Account 223,Account Description 223,ACTIVE
224,Account 224,Account Description 224,ACTIVE
225,Account 225,Account Description 225,ACTIVE
226,Account 226,Account Description 226,ACTIVE
227,Account 227,Account Description 227,ACTIVE
228,Account 228,Account Description 228,ACTIVE
229,Account 229,Account Description 229,ACTIVE
230,Account 230,Account Description 230,ACTIVE
231,Account 231,Account Description 231,ACTIVE
232,Account 232,Account Description 232,ACTIVE
233,Account 233,Account Description 233,ACTIVE
234,Account 234,Account Description 234,ACTIVE
235,Account 235,Account Description 235,ACTIVE
236,Account 236,Account Description 236,ACTIVE
237,Account 237,Account Description 237,ACTIVE
238,Account 238,Account Description 238,ACTIVE
239,Account 239,Account Description 239,ACTIVE
240,Account 240,Account Description 240,ACTIVE
241,Account 241,Account Description 241,ACTIVE
242,Account 242,Account Description 242,ACTIVE
243,Account 243,Account Description 243,ACTIVE
244,Account 244,Account Description 244,ACTIVE
245,Account 245,Account Description 245,ACTIVE
246,Account 246,Account Description 246,ACTIVE
247,Account 247,Account Description 247,ACTIVE
248,Account 248,Account Description 248,ACTIVE
249,Account 249,Account Description 249,ACTIVE
250,Account 250,Account Description 250,ACTIVE
251,Account 251,Account Description 251,ACTIVE
252,Account 252,Account Description 252,ACTIVE
253,Account 253,Account Description 253,ACTIVE
254,Account 254,Account Description 254,ACTIVE
255,Account 255,Account Description 255,ACTIVE
256,Account 256,Account Description 256,ACTIVE
257,Account 257,Account Description 257,ACTIVE
258,Account 258,Account Description 258,ACTIVE
259,Account 259,Account Description 259,ACTIVE
260,Account 260,Account Description 260,ACTIVE
261,Account 261,Account Description 261,ACTIVE
262,Account 262,Account Description 262,ACTIVE
263,Account 263,Account Description 263,ACTIVE
264,Account 264,Account Description 264,ACTIVE
265,Account 265,Account Description 265,ACTIVE
266,Account 266,Account Description 266,ACTIVE
267,Account 267,Account Description 267,ACTIVE
268,Account 268,Account Description 268,ACTIVE
269,Account 269,Account Description 269,ACTIVE
270,Account 270,Account Description 270,ACTIVE
271,Account 271,Account Description 271,ACTIVE
272,Account 272,Account Description 272,ACTIVE
273,Account 273,Account Description 273,ACTIVE
274,Account 274,Account Description 274,ACTIVE
275,Account 275,Account Description 275,ACTIVE
276,Account 276,Account Description 276,ACTIVE
277,Account 277,Account Description 277,ACTIVE
278,Account 278,Account Description 278,ACTIVE
279,Account 279,Account Description 279,ACTIVE
280,Account 280,Account Description 280,ACTIVE
281,Account 281,Account Description 281,ACTIVE
282,Account 282,Account Description 282,ACTIVE
283,Account 283,Account Description 283,ACTIVE
284,Account 284,Account Description 284,ACTIVE
285,Account 285,Account Description 285,ACTIVE
286,Account 286,Account Description 286,ACTIVE
287,Account 287,Account Description 287,ACTIVE
288,Account 288,Account Description 288,ACTIVE
289,Account 289,Account Description 289,ACTIVE
290,Account 290,Account Description 290,ACTIVE
291,Account 291,Account Description 291,ACTIVE
292,Account 292,Account Description 292,ACTIVE
293,Account 293,Account Description 293,ACTIVE
294,Account 294,Account Description 294,ACTIVE
295,Account 295,Account Description 295,ACTIVE
296,Account 296,Account Description 296,ACTIVE
297,Account 297,Account Description 297,ACTIVE
298,Account 298,Account Description 298,ACTIVE
299,Account 299,Account Description 299,ACTIVE
300,Account 300,Account Description 300,ACTIVE
301,Account 301,Account Description 301,ACTIVE
302,Account 302,Account Description 302,ACTIVE
303,Account 303,Account Description 303,ACTIVE
304,Account 304,Account Description 304,ACTIVE
305,Account 305,Account Description 305,ACTIVE
306,Account 306,Account Description 306,ACTIVE
307,Account 307,Account Description 307,ACTIVE
308,Account 308,Account Description 308,ACTIVE
309,Account 309,Account Description 309,ACTIVE
310,Account 310,Account Description 310,ACTIVE
311,Account 311,Account Description 311,ACTIVE
312,Account 312,Account Description 312,ACTIVE
313,Account 313,Account Description 313,ACTIVE
314,Account 314,Account Description 314,ACTIVE
315,Account 315,Account Description 315,ACTIVE
316,Account 316,Account Description 316,ACTIVE
317,Account 317,Account Description 317,ACTIVE
318,Account 318,Account Description 318,ACTIVE
319,Account 319,Account Description 319,ACTIVE
320,Account 320,Account Description 320,ACTIVE
321,Account 321,Account Description 321,ACTIVE
322,Account 322,Account Description 322,ACTIVE
323,Account 323,Account Description 323,ACTIVE
324,Account 324,Account Description 324,ACTIVE
325,Account 325,Account Description 325,ACTIVE
326,Account 326,Account Description 326,ACTIVE
327,Account 327,Account Description 327,ACTIVE
328,Account 328,Account Description 328,ACTIVE
329,Account 329,Account Description 329,ACTIVE
330,Account 330,Account Description 330,ACTIVE
331,Account 331,Account Description 331,ACTIVE
332,Account 332,Account Description 332,ACTIVE
333,Account 333,Account Description 333,ACTIVE
334,Account 334,Account Description 334,ACTIVE
335,Account 335,Account Description 335,ACTIVE
336,Account 336,Account Description 336,ACTIVE
337,Account 337,Account Description 337,ACTIVE
338,Account 338,Account Description 338,ACTIVE
339,Account 339,Account Description 339,ACTIVE
340,Account 340,Account Description 340,ACTIVE
341,Account 341,Account Description 341,ACTIVE
342,Account 342,Account Description 342,ACTIVE
343,Account 343,Account Description 343,ACTIVE
344,Account 344,Account Description 344,ACTIVE
345,Account 345,Account Description 345,ACTIVE
346,Account 346,Account Description 346,ACTIVE
347,Account 347,Account Description 347,ACTIVE
348,Account 348,Account Description 348,ACTIVE
349,Account 349,Account Description 349,ACTIVE
350,Account 350,Account Description 350,ACTIVE
351,Account 351,Account Description 351,ACTIVE
352,Account 352,Account Description 352,ACTIVE
353,Account 353,Account Description 353,ACTIVE
354,Account 354,Account Description 354,ACTIVE
355,Account 355,Account Description 355,ACTIVE
356,Account 356,Account Description 356,ACTIVE
357,Account 357,Account Description 357,ACTIVE
358,Account 358,Account Description 358,ACTIVE
359,Account 359,Account Description 359,ACTIVE
360,Account 360,Account Description 360,ACTIVE
361,Account 361,Account Description 361,ACTIVE
362,Account 362,Account Description 362,ACTIVE
363,Account 363,Account Description 363,ACTIVE
364,Account 364,Account Description 364,ACTIVE
365,Account 365,Account Description 365,ACTIVE
366,Account 366,Account Description 366,ACTIVE
367,Account 367,Account Description 367,ACTIVE
368,Account 368,Account Description 368,ACTIVE
369,Account 369,Account Description 369,ACTIVE
370,Account 370,Account Description 370,ACTIVE
371,Account 371,Account Description 371,ACTIVE
372,Account 372,Account Description 372,ACTIVE
373,Account 373,Account Description 373,ACTIVE
374,Account 374,Account Description 374,ACTIVE
375,Account 375,Account Description 375,ACTIVE
376,Account 376,Account Description 376,ACTIVE
377,Account 377,Account Description 377,ACTIVE
378,Account 378,Account Description 378,ACTIVE
379,Account 379,Account Description 379,ACTIVE
380,Account 380,Account Description 380,ACTIVE
381,Account 381,Account Description 381,ACTIVE
382,Account 382,Account Description 382,ACTIVE
383,Account 383,Account Description 383,ACTIVE
384,Account 384,Account Description 384,ACTIVE
385,Account 385,Account Description 385,ACTIVE
386,Account 386,Account Description 386,ACTIVE
387,Account 387,Account Description 387,ACTIVE
388,Account 388,Account Description 388,ACTIVE
389,Account 389,Account Description 389,ACTIVE
390,Account 390,Account Description 390,ACTIVE
391,Account 391,Account Description 391,ACTIVE
392,Account 392,Account Description 392,ACTIVE
393,Account 393,Account Description 393,ACTIVE
394,Account 394,Account Description 394,ACTIVE
395,Account 395,Account Description 395,ACTIVE
396,Account 396,Account Description 396,ACTIVE
397,Account 397,Account Description 397,ACTIVE
398,Account 398,Account Description 398,ACTIVE
399,Account 399,Account Description 399,ACTIVE
400,Account 400,Account Description 400,ACTIVE
401,Account 401,Account Description 401,ACTIVE
402,Account 402,Account Description 402,ACTIVE
403,Account 403,Account Description 403,ACTIVE
404,Account 404,Account Description 404,ACTIVE
405,Account 405,Account Description 405,ACTIVE
406,Account 406,Account Description 406,ACTIVE
407,Account 407,Account Description 407,ACTIVE
408,Account 408,Account Description 408,ACTIVE
409,Account 409,Account Description 409,ACTIVE
410,Account 410,Account Description 410,ACTIVE
411,Account 411,Account Description 411,ACTIVE
412,Account 412,Account Description 412,ACTIVE
413,Account 413,Account Description 413,ACTIVE
414,Account 414,Account Description 414,ACTIVE
415,Account 415,Account Description 415,ACTIVE
416,Account 416,Account Description 416,ACTIVE
417,Account 417,Account Description 417,ACTIVE
418,Account 418,Account Description 418,ACTIVE
419,Account 419,Account Description 419,ACTIVE
420,Account 420,Account Description 420,ACTIVE
421,Account 421,Account Description 421,ACTIVE
422,Account 422,Account Description 422,ACTIVE
423,Account 423,Account Description 423,ACTIVE
424,Account 424,Account Description 424,ACTIVE
425,Account 425,Account Description 425,ACTIVE
426,Account 426,Account Description 426,ACTIVE
427,Account 427,Account Description 427,ACTIVE
428,Account 428,Account Description 428,ACTIVE
429,Account 429,Account Description 429,ACTIVE
430,Account 430,Account Description 430,ACTIVE
431,Account 431,Account Description 431,ACTIVE
432,Account 432,Account Description 432,ACTIVE
433,Account 433,Account Description 433,ACTIVE
434,Account 434,Account Description 434,ACTIVE
435,Account 435,Account Description 435,ACTIVE
436,Account 436,Account Description 436,ACTIVE
437,Account 437,Account Description 437,ACTIVE
438,Account 438,Account Description 438,ACTIVE
439,Account 439,Account Description 439,ACTIVE
440,Account 440,Account Description 440,ACTIVE
441,Account 441,Account Description 441,ACTIVE
442,Account 442,Account Description 442,ACTIVE
443,Account 443,Account Description 443,ACTIVE
444,Account 444,Account Description 444,ACTIVE
445,Account 445,Account Description 445,ACTIVE
446,Account 446,Account Description 446,ACTIVE
447,Account 447,Account Description 447,ACTIVE
448,Account 448,Account Description 448,ACTIVE
449,Account 449,Account Description 449,ACTIVE
450,Account 450,Account Description 450,ACTIVE
451,Account 451,Account Description 451,ACTIVE
452,Account 452,Account Description 452,ACTIVE
453,Account 453,Account Description 453,ACTIVE
454,Account 454,Account Description 454,ACTIVE
455,Account 455,Account Description 455,ACTIVE
456,Account 456,Account Description 456,ACTIVE
457,Account 457,Account Description 457,ACTIVE
458,Account 458,Account Description 458,ACTIVE
459,Account 459,Account Description 459,ACTIVE
460,Account 460,Account Description 460,ACTIVE
461,Account 461,Account Description 461,ACTIVE
462,Account 462,Account Description 462,ACTIVE
463,Account 463,Account Description 463,ACTIVE
464,Account 464,Account Description 464,ACTIVE
465,Account 465,Account Description 465,ACTIVE
466,Account 466,Account Description 466,ACTIVE
467,Account 467,Account Description 467,ACTIVE
468,Account 468,Account Description 468,ACTIVE
469,Account 469,Account Description 469,ACTIVE
470,Account 470,Account Description 470,ACTIVE
471,Account 471,Account Description 471,ACTIVE
472,Account 472,Account Description 472,ACTIVE
473,Account 473,Account Description 473,ACTIVE
474,Account 474,Account Description 474,ACTIVE
475,Account 475,Account Description 475,ACTIVE
476,Account 476,Account Description 476,ACTIVE
477,Account 477,Account Description 477,ACTIVE
478,Account 478,Account Description 478,ACTIVE
479,Account 479,Account Description 479,ACTIVE
480,Account 480,Account Description 480,ACTIVE
481,Account 481,Account Description 481,ACTIVE
482,Account 482,Account Description 482,ACTIVE
483,Account 483,Account Description 483,ACTIVE
484,Account 484,Account Description 484,ACTIVE
485,Account 485,Account Description 485,ACTIVE
486,Account 486,Account Description 486,ACTIVE
487,Account 487,Account Description 487,ACTIVE
488,Account 488,Account Description 488,ACTIVE
489,Account 489,Account Description 489,ACTIVE
490,Account 490,Account Description 490,ACTIVE
491,Account 491,Account Description 491,ACTIVE
492,Account 492,Account Description 492,ACTIVE
493,Account 493,Account Description 493,ACTIVE
494,Account 494,Account Description 494,ACTIVE
495,Account 495,Account Description 495,ACTIVE
496,Account 496,Account Description 496,ACTIVE
497,Account 497,Account Description 497,ACTIVE
498,Account 498,Account Description 498,ACTIVE
499,Account 499,Account Description 499,ACTIVE
500,Account 500,Account Description 500,ACTIVE